{
    "loss": 14.223151206970215,
    "accuracy": 0.5467625856399536
}