{
    "loss": 1.7616230249404907,
    "accuracy": 0.9208633303642273
}